{
    "kettle_3.xml": {
        "size": [
            0.299,
            0.249,
            0.283
        ],
        "com": [
            -0.004761659617422023,
            4.1904647144337217e-10,
            0.072718835419134
        ]
    },
    "table_round.xml": {
        "size": [
            0.381,
            0.381,
            0.407
        ],
        "com": [
            2.289722244032889e-05,
            -1.0513436105840113e-05,
            0.30046257282922884
        ]
    },
    "microwave_3.xml": {
        "size": [
            0.6,
            0.5,
            0.4
        ],
        "com": [
            0.031558917540085496,
            -0.010863315630355695,
            0.1843382378141907
        ]
    },
    "bookcase_billy_0190.xml": {
        "size": [
            0.407,
            0.214,
            0.503
        ],
        "com": [
            0.19806502575545054,
            0.011199808217380385,
            0.25946344244011504
        ]
    },
    "desk_fredrik_0430.xml": {
        "size": [
            0.699,
            0.364,
            0.394
        ],
        "com": [
            -0.3102178820990707,
            -0.040672246647357344,
            0.334996199583285
        ]
    },
    "dishwasher.xml": {
        "size": [
            0.592,
            0.829,
            0.85
        ],
        "com": [
            -1.7683086963975914e-05,
            0.2109532543149147,
            0.3642321809321359
        ]
    },
    "bookcase_1.xml": {
        "size": [
            0.306,
            0.203,
            0.61
        ],
        "com": [
            -0.10795768859270338,
            -0.06529273372401462,
            0.31323856932006433
        ]
    },
    "bin_2.xml": {
        "size": [
            0.328,
            0.294,
            0.812
        ],
        "com": [
            -8.68577722649448e-06,
            -8.621218995977368e-05,
            0.16044685053766145
        ]
    },
    "microwave_1.xml": {
        "size": [
            0.863,
            0.456,
            0.559
        ],
        "com": [
            0.07822506511246849,
            0.027722774756625303,
            0.1723888286328573
        ]
    },
    "tvunit_lack_0830.xml": {
        "size": [
            0.737,
            0.277,
            0.183
        ],
        "com": [
            -0.0003072808094656127,
            0.0006484105693583653,
            0.11549810570850197
        ]
    },
    "chair_agam_0005.xml": {
        "size": [
            0.293,
            0.297,
            0.593
        ],
        "com": [
            -1.1887571773522482e-05,
            0.015520482489586493,
            0.32310528360807805
        ]
    },
    "lightButtons.xml": {
        "size": [
            0.16,
            0.16,
            0.061
        ],
        "com": [
            -0.20000000514552993,
            0.14999804236443967,
            0.013847565313346986
        ]
    },
    "nightstand_1.xml": {
        "size": [
            0.293,
            0.293,
            0.585
        ],
        "com": [
            -0.12679844619587122,
            -0.12681802765125605,
            0.41188102278523747
        ]
    },
    "slidecabinet.xml": {
        "size": [
            0.898,
            0.6,
            0.4
        ],
        "com": [
            0.09297180799097277,
            0.009328228915781788,
            0.25
        ]
    },
    "chair_bernhard_0146.xml": {
        "size": [
            0.28,
            0.261,
            0.525
        ],
        "com": [
            4.939035196262025e-05,
            -0.01101671134273272,
            0.33541237161650084
        ]
    },
    "box_ivar_0666.xml": {
        "size": [
            0.521,
            0.293,
            0.279
        ],
        "com": [
            -0.25398707134908155,
            1.1859639562112194e-08,
            0.13003896748432306
        ]
    },
    "chair_agne_0007.xml": {
        "size": [
            0.33,
            0.331,
            0.406
        ],
        "com": [
            -0.001850486955192833,
            -0.003690705097045837,
            0.2588528721531678
        ]
    },
    "table_benno_0141.xml": {
        "size": [
            0.591,
            0.3,
            0.258
        ],
        "com": [
            -0.2250344408717742,
            -0.11949893571602213,
            0.17387724196973559
        ]
    },
    "tvunit_0406.xml": {
        "size": [
            0.762,
            0.381,
            0.28
        ],
        "com": [
            0.00011250966219455069,
            2.994580344957294e-10,
            0.1407783743590557
        ]
    },
    "chair_balser_0115.xml": {
        "size": [
            0.274,
            0.25,
            0.432
        ],
        "com": [
            0.00015046528220749765,
            0.10471277746198361,
            0.226290934640423
        ]
    },
    "kettle_2.xml": {
        "size": [
            0.248,
            0.14,
            0.17
        ],
        "com": [
            -0.007555666421358836,
            -6.514884280070154e-19,
            0.0766434821744679
        ]
    },
    "nightstatnd_2.xml": {
        "size": [
            0.274,
            0.213,
            0.5
        ],
        "com": [
            6.678944947944855e-11,
            0.003432204939654948,
            0.37321763805400043
        ]
    },
    "table_torsby_1549.xml": {
        "size": [
            0.794,
            0.748,
            0.318
        ],
        "com": [
            -1.4252006835399339e-11,
            5.2410292503494315e-18,
            0.28417879078548525
        ]
    },
    "counters.xml": {
        "size": [
            0.689,
            1.287,
            1.88
        ],
        "com": [
            0.905933279748353,
            -0.030883506940161957,
            0.8566861706255643
        ]
    },
    "vanity.xml": {
        "size": [
            1.201,
            0.562,
            0.73
        ],
        "com": [
            -7.157487450927496e-05,
            0.0009777795750492751,
            0.005728293133092025
        ]
    },
    "ventionTable.xml": {
        "size": [
            1.25,
            0.846,
            0.824
        ],
        "com": [
            -7.850906067736049e-18,
            -2.8445311839623365e-20,
            0.4339993798391174
        ]
    },
    "bin_1.xml": {
        "size": [
            0.497,
            0.66,
            0.232
        ],
        "com": [
            3.287854250217132e-07,
            6.408768750900731e-07,
            0.2049167044423872
        ]
    },
    "bookcase_besta_0170.xml": {
        "size": [
            0.597,
            0.23,
            0.268
        ],
        "com": [
            0.1488548426077472,
            0.09512437035190201,
            0.13320519038304518
        ]
    },
    "oven.xml": {
        "size": [
            1.002,
            1.352,
            1.62
        ],
        "com": [
            0.09899470536892656,
            -0.06775437515650104,
            0.8299715968525736
        ]
    },
    "kettle_4.xml": {
        "size": [
            0.309,
            0.249,
            0.147
        ],
        "com": [
            -0.003701401700523008,
            2.1793802318623938e-10,
            0.06623263716452468
        ]
    },
    "simpleTable_marble.xml": {
        "size": [
            1.4,
            0.75,
            0.76
        ],
        "com": [
            0.0,
            -2.4879148036267753e-18,
            0.672828069873505
        ]
    },
    "simpleTable_wood.xml": {
        "size": [
            1.2,
            0.75,
            0.76
        ],
        "com": [
            0.0,
            0.0,
            0.6707549350880315
        ]
    },
    "shelf_lillagen_0927.xml": {
        "size": [
            0.168,
            0.168,
            0.474
        ],